3466,Vodafone España,Barcelona,2017-07-28T11:48:39.153531Z,10.375675776756264,13.043,290257416.58815694,283397931.7000402,whyyounogetwifi_5G,3.33,0,0,0,0,0,0
3466,Vodafone España,Barcelona,2017-07-28T11:49:46.429305Z,10.375675776756264,8.005,284061578.84647393,275207039.2596219,whyyounogetwifi_5G,3.33,0,0,0,0,0,0
3466,Vodafone España,Barcelona,2017-07-28T11:55:03.033792Z,10.375675776756264,44.451,281665279.12591535,231839547.83229053,whyyounogetwifi_5G,3.33,0,0,0,0,0,0
1695,Adamo,Barcelona,2017-07-28T11:57:32.229469Z,10.375675776756264,25.996,178411070.37002093,109737764.17965597,whyyounogetwifi_5G,3.33,0,0,0,0,0,0
3466,Vodafone España,Barcelona,2017-07-28T12:03:05.380733Z,10.375675776756264,7.069,282394356.6350636,261197336.34624368,whyyounogetwifi_5G,3.33,0,0,0,0,0,0
3466,Vodafone España,Barcelona,2017-07-28T12:08:22.690881Z,10.375675776756264,8.34,271839284.1453662,246070219.79056394,whyyounogetwifi_5G,3.33,0,0,0,0,0,0
3466,Vodafone España,Barcelona,2017-07-28T12:13:41.176922Z,10.375675776756264,43.79,292190410.33589286,213747077.67769998,whyyounogetwifi_5G,3.33,0,0,0,0,0,0
3466,Vodafone España,Barcelona,2017-07-28T12:19:00.570389Z,10.375675776756264,9.835,275474044.2165304,189815519.014623,whyyounogetwifi_5G,3.33,0,0,0,0,0,0
3466,Vodafone España,Barcelona,2017-07-28T12:24:19.967331Z,10.375675776756264,25.835,279952166.8211281,197249368.6606248,whyyounogetwifi_5G,3.33,0,0,0,0,0,0
3466,Vodafone España,Barcelona,2017-07-28T12:29:39.162523Z,10.375675776756264,43.264,265419592.62684274,217046547.5749612,whyyounogetwifi_5G,3.33,0,0,0,0,0,0
3466,Vodafone España,Barcelona,2017-07-28T12:34:58.623167Z,10.375675776756264,29.625,288361424.95418376,145637225.79444787,whyyounogetwifi_5G,3.33,0,0,0,0,0,0
3466,Vodafone España,Barcelona,2017-07-28T12:40:20.379778Z,10.375675776756264,20.819,263140620.09656197,149832614.50019395,whyyounogetwifi_5G,3.33,0,0,0,0,0,0
3466,Vodafone España,Barcelona,2017-07-28T12:45:41.555195Z,10.375675776756264,54.491,281212657.9799543,174823889.29122466,whyyounogetwifi_5G,3.33,0,0,0,0,0,0
3466,Vodafone España,Barcelona,2017-07-28T12:51:02.202982Z,10.375675776756264,40.07,225598931.73926336,163810428.042852,whyyounogetwifi_5G,3.33,0,0,0,0,0,0
3466,Vodafone España,Barcelona,2017-07-28T12:56:23.484611Z,10.375675776756264,9.471,249957830.1113457,178527968.407689,whyyounogetwifi_5G,3.33,0,0,0,0,0,0
3466,Vodafone España,Barcelona,2017-07-28T13:01:43.079713Z,10.375675776756264,65.93,258510109.417831,135646226.66517043,whyyounogetwifi_5G,3.33,0,0,0,0,0,0
3466,Vodafone España,Barcelona,2017-07-28T13:07:08.083028Z,10.375675776756264,54.774,232669548.5983389,108031664.36742756,whyyounogetwifi_5G,3.33,0,0,0,0,0,0
3466,Vodafone España,Barcelona,2017-07-28T13:12:32.985595Z,10.375675776756264,157.68,18199039.42339283,64629508.90768634,whyyounogetwifi_5G,3.33,0,0,0,0,0,0
3466,Vodafone España,Barcelona,2017-07-28T13:18:03.214892Z,10.375675776756264,192.355,48779381.1587187,68796022.27722874,whyyounogetwifi_5G,3.33,0,0,0,0,0,0
3466,Vodafone España,Barcelona,2017-07-28T13:22:53.732711Z,10.375675776756264,166.227,75854083.91290067,25264131.64893231,whyyounogetwifi_5G,3.377,0,0,0,0,0,0
3466,Vodafone España,Barcelona,2017-07-28T13:28:25.618203Z,10.375675776756264,126.628,101225045.0215631,56082031.05576359,whyyounogetwifi_5G,3.246,0,0,0,0,0,0
3466,Vodafone España,Barcelona,2017-07-28T13:33:57.874245Z,10.375675776756264,224.678,70065886.0067476,38898975.21662656,whyyounogetwifi_5G,3.119,0,0,0,0,0,0
3466,Vodafone España,Barcelona,2017-07-28T13:39:31.517839Z,10.375675776756264,164.026,11606171.775750736,16031851.685775442,whyyounogetwifi_5G,3.255,0,0,0,0,0,0
3466,Vodafone España,Barcelona,2017-07-28T13:45:05.574276Z,10.375675776756264,200.33,19927955.955196887,13789258.886102408,whyyounogetwifi_5G,3.101,0,0,0,0,0,0
3466,Vodafone España,Barcelona,2017-07-28T13:50:43.794389Z,10.375675776756264,325.593,12784944.187872898,9254829.539616417,whyyounogetwifi_5G,3.322,0,0,0,0,0,0
3466,Vodafone España,Barcelona,2017-07-28T13:56:24.963757Z,10.375675776756264,323.088,4748643.9085847605,10361310.798520938,whyyounogetwifi_5G,3.976,0,0,0,0,0,0
2254,CSUC,Barcelona,2017-07-28T14:02:03.220181Z,10.375675776756264,401.325,4764485.752513196,8396396.474005017,whyyounogetwifi_5G,3.222,0,0,0,0,0,0
4374,Orange,Barcelona,2017-07-28T14:07:44.643266Z,10.375675776756264,391.09,4779318.784867692,7376337.028823841,whyyounogetwifi_5G,3.793,0,0,0,0,0,0
3466,Vodafone España,Barcelona,2017-07-28T14:13:25.100395Z,10.375675776756264,336.744,10693226.735033097,8652911.340209179,whyyounogetwifi_5G,3.187,0,0,0,0,0,0
3466,Vodafone España,Barcelona,2017-07-28T14:19:05.153425Z,10.375675776756264,337.004,9975012.615570672,10560709.797290951,whyyounogetwifi_5G,3.192,0,0,0,0,0,0
1695,Adamo,Barcelona,2017-07-28T14:24:45.303355Z,10.375675776756264,478.193,3917285.85510584,5681498.063821142,whyyounogetwifi_5G,3.427,0,0,0,0,0,0
3466,Vodafone España,Barcelona,2017-07-28T14:30:36.809347Z,10.375675776756264,430.406,4538114.865191001,7285483.86985614,whyyounogetwifi_5G,3.259,0,0,0,0,0,0
3466,Vodafone España,Barcelona,2017-07-28T14:36:21.137345Z,10.375675776756264,394.261,7623358.382805366,10198933.464857953,whyyounogetwifi_5G,3.159,0,0,0,0,0,0
3466,Vodafone España,Barcelona,2017-07-28T14:42:03.245753Z,10.375675776756264,474.19,3740412.035629612,4761358.522019142,whyyounogetwifi_5G,3.209,0,0,0,0,0,0
3466,Vodafone España,Barcelona,2017-07-28T14:47:49.328674Z,10.375675776756264,458.469,3639795.379350484,7340591.200089792,whyyounogetwifi_5G,3.837,0,0,0,0,0,0
3466,Vodafone España,Barcelona,2017-07-28T14:53:37.314027Z,10.375675776756264,325.336,8166748.859039301,11390395.012094216,whyyounogetwifi_5G,3.606,0,0,0,0,0,0
1695,Adamo,Barcelona,2017-07-28T14:59:16.426477Z,10.375675776756264,351.316,8855820.608753584,11486378.72454425,whyyounogetwifi_5G,3.154,0,0,0,0,0,0
3466,Vodafone España,Barcelona,2017-07-28T15:04:55.020587Z,10.375675776756264,282.954,14078268.248425791,14786037.669453649,whyyounogetwifi_5G,3.070,0,0,0,0,0,0
3466,Vodafone España,Barcelona,2017-07-28T15:10:32.349789Z,10.375675776756264,304.747,3590618.8363521174,9972932.755579233,whyyounogetwifi_5G,3.193,0,0,0,0,0,0
3466,Vodafone España,Barcelona,2017-07-28T15:16:11.155715Z,10.375675776756264,407.713,12347887.913982552,9881761.845663514,whyyounogetwifi_5G,3.150,0,0,0,0,0,0
2254,CSUC,Barcelona,2017-07-28T15:21:51.837097Z,10.375675776756264,316.249,12958388.458460163,11535759.830528326,whyyounogetwifi_5G,3.013,0,0,0,0,0,0
3466,Vodafone España,Barcelona,2017-07-28T15:27:30.083116Z,10.375675776756264,262.059,17259169.359545138,11224493.830332404,whyyounogetwifi_5G,2.976,0,0,0,0,0,0
1695,Adamo,Barcelona,2017-07-28T15:33:06.786174Z,10.375675776756264,326.315,6154906.151675176,9792386.115055893,whyyounogetwifi_5G,3.591,0,0,0,0,0,0
3466,Vodafone España,Barcelona,2017-07-28T15:38:46.311487Z,10.375675776756264,315.334,3364452.9209245364,11940955.623256186,whyyounogetwifi_5G,3.513,0,0,0,0,0,0
3466,Vodafone España,Barcelona,2017-07-28T15:44:25.634684Z,10.375675776756264,309.341,10917631.114187937,12081064.816429172,whyyounogetwifi_5G,3.511,0,0,0,0,0,0
3466,Vodafone España,Barcelona,2017-07-28T15:50:06.967561Z,10.375675776756264,391.975,5611584.261943366,6653838.753289951,whyyounogetwifi_5G,3.617,0,0,0,0,0,0
3466,Vodafone España,Barcelona,2017-07-28T15:55:48.053070Z,10.375675776756264,254.909,9427159.034191892,9651355.010413596,whyyounogetwifi_5G,3.433,0,0,0,0,0,0
2254,CSUC,Barcelona,2017-07-28T16:01:26.793501Z,10.375675776756264,266.973,5133970.031014143,11951341.66115896,whyyounogetwifi_5G,14.418,0,0,0,0,0,0
1695,Adamo,Barcelona,2017-07-28T16:07:03.857961Z,10.375675776756264,311.846,7031682.682735785,10450326.384508133,whyyounogetwifi_5G,3.505,0,0,0,0,0,0
3466,Vodafone España,Barcelona,2017-07-28T16:12:44.693594Z,10.375675776756264,249.026,11538575.31153373,10880296.915846867,whyyounogetwifi_5G,3.394,0,0,0,0,0,0
2254,CSUC,Barcelona,2017-07-28T16:18:23.723026Z,10.375675776756264,263.825,6382041.542829438,12074969.779423436,whyyounogetwifi_5G,3.774,0,0,0,0,0,0
1695,Adamo,Barcelona,2017-07-28T16:24:03.445928Z,10.375675776756264,330.346,6899742.532663757,11827254.883217681,whyyounogetwifi_5G,3.424,0,0,0,0,0,0
3466,Vodafone España,Barcelona,2017-07-28T16:29:48.977006Z,10.375675776756264,206.507,19045432.764993478,21379325.911352735,whyyounogetwifi_5G,70.571,0,0,0,0,0,0
3466,Vodafone España,Barcelona,2017-07-28T16:35:23.837644Z,10.375675776756264,186.455,8582720.46264308,15848962.626798706,whyyounogetwifi_5G,16.731,0,0,0,0,0,0
3466,Vodafone España,Barcelona,2017-07-28T16:40:59.826926Z,10.375675776756264,308.972,18323371.890226226,16010901.17308279,whyyounogetwifi_5G,3.370,0,0,0,0,0,0
2254,CSUC,Barcelona,2017-07-28T16:46:39.083416Z,10.375675776756264,254.022,4771200.792137862,13492767.47726112,whyyounogetwifi_5G,71.827,0,0,0,0,0,0
3466,Vodafone España,Barcelona,2017-07-28T16:52:19.244002Z,10.375675776756264,224.287,24914031.898855854,14451391.056030018,whyyounogetwifi_5G,159.473,0,0,0,0,0,0
12086,Fira de Barcelona,Barcelona,2017-07-28T16:57:59.233167Z,10.375675776756264,341.473,5426436.993655967,8181987.472921061,whyyounogetwifi_5G,7.103,0,0,0,0,0,0
3466,Vodafone España,Barcelona,2017-07-28T17:03:39.002713Z,10.375675776756264,233.274,32053585.008370094,15126115.074976014,whyyounogetwifi_5G,3.300,0,0,0,0,0,0
3466,Vodafone España,Barcelona,2017-07-28T17:09:14.778900Z,10.375675776756264,174.731,15378547.259608919,49966879.242808565,whyyounogetwifi_5G,5.332,0,0,0,0,0,0
4374,Orange,Barcelona,2017-07-28T17:14:51.170814Z,10.375675776756264,240.346,9306119.078265276,16724156.664467292,whyyounogetwifi_5G,6.687,0,0,0,0,0,0
2254,CSUC,Barcelona,2017-07-28T17:20:26.388626Z,10.375675776756264,204.945,10137310.181274286,17190697.13793879,whyyounogetwifi_5G,3.840,0,0,0,0,0,0
2254,CSUC,Barcelona,2017-07-28T17:25:59.566602Z,10.375675776756264,172.794,11906178.288039265,19695091.94195965,whyyounogetwifi_5G,3.372,0,0,0,0,0,0
3466,Vodafone España,Barcelona,2017-07-28T17:31:32.769573Z,10.375675776756264,193.149,29724391.338786263,55721954.55316133,whyyounogetwifi_5G,12.169,0,0,0,0,0,0
3466,Vodafone España,Barcelona,2017-07-28T17:37:07.356611Z,10.375675776756264,167.345,16821469.85145444,69010927.47102505,whyyounogetwifi_5G,7.828,0,0,0,0,0,0
3466,Vodafone España,Barcelona,2017-07-28T17:42:39.856828Z,10.375675776756264,152.696,18539465.13669175,45392048.24674152,whyyounogetwifi_5G,3.961,0,0,0,0,0,0
1695,Adamo,Barcelona,2017-07-28T17:48:13.793301Z,10.375675776756264,149.602,25455689.315829176,27518437.168508768,whyyounogetwifi_5G,3.487,0,0,0,0,0,0
2254,CSUC,Barcelona,2017-07-28T17:53:45.859699Z,10.375675776756264,104.582,69048953.67166212,75287032.83460696,whyyounogetwifi_5G,7.083,0,0,0,0,0,0
3466,Vodafone España,Barcelona,2017-07-28T17:59:16.405018Z,10.375675776756264,190.997,26717016.957835402,132499613.28108764,whyyounogetwifi_5G,4.224,0,0,0,0,0,0
3466,Vodafone España,Barcelona,2017-07-28T18:04:48.937120Z,10.375675776756264,44.473,8176532.501545513,73597639.17395864,whyyounogetwifi_5G,7.992,0,0,0,0,0,0
2254,CSUC,Barcelona,2017-07-28T18:10:20.481715Z,10.375675776756264,36.891,8206817.123309415,99899040.98047665,whyyounogetwifi_5G,9.171,0,0,0,0,0,0
3466,Vodafone España,Barcelona,2017-07-28T18:15:48.650677Z,10.375675776756264,7.472,7088115.239387541,90298303.51948845,whyyounogetwifi_5G,6.979,0,0,0,0,0,0
3466,Vodafone España,Barcelona,2017-07-28T18:21:17.289224Z,10.375675776756264,46.371,7487868.173180167,136779840.11732617,whyyounogetwifi_5G,3.417,0,0,0,0,0,0
3466,Vodafone España,Barcelona,2017-07-28T18:26:43.364842Z,10.375675776756264,7.235,8302800.380236442,144347361.12646356,whyyounogetwifi_5G,3.193,0,0,0,0,0,0
3466,Vodafone España,Barcelona,2017-07-28T18:32:08.483157Z,10.375675776756264,13.972,7540666.292725522,198871648.7046801,whyyounogetwifi_5G,8.173,0,0,0,0,0,0
3466,Vodafone España,Barcelona,2017-07-28T18:37:31.612133Z,10.375675776756264,42.81,8391502.52470775,116887207.21783379,whyyounogetwifi_5G,3.207,0,0,0,0,0,0
3466,Vodafone España,Barcelona,2017-07-28T18:43:00.556316Z,10.375675776756264,7.113,7043644.898032799,95113081.27946909,whyyounogetwifi_5G,3.035,0,0,0,0,0,0
3466,Vodafone España,Barcelona,2017-07-28T18:48:27.904057Z,10.375675776756264,8.082,7579221.667736957,206626666.6742012,whyyounogetwifi_5G,3.771,0,0,0,0,0,0
3466,Vodafone España,Barcelona,2017-07-28T18:53:51.039678Z,10.375675776756264,47.44,8509826.500513935,106011795.5079163,whyyounogetwifi_5G,7.449,0,0,0,0,0,0
3466,Vodafone España,Barcelona,2017-07-28T18:59:20.981601Z,10.375675776756264,7.402,7650244.503236525,133196627.86695431,whyyounogetwifi_5G,3.153,0,0,0,0,0,0
3466,Vodafone España,Barcelona,2017-07-28T19:04:46.812575Z,10.375675776756264,7.137,8522912.88137787,112834960.28197473,whyyounogetwifi_5G,3.121,0,0,0,0,0,0
3466,Vodafone España,Barcelona,2017-07-28T19:10:14.369503Z,10.375675776756264,43.981,8228772.905702382,191305816.1131259,whyyounogetwifi_5G,3.150,0,0,0,0,0,0
3466,Vodafone España,Barcelona,2017-07-28T19:15:38.401146Z,10.375675776756264,7.387,7907310.186980858,209418284.20612285,whyyounogetwifi_5G,3.549,0,0,0,0,0,0
3466,Vodafone España,Barcelona,2017-07-28T19:21:03.979113Z,10.375675776756264,13.35,7404131.488453797,141782403.82113627,whyyounogetwifi_5G,3.211,0,0,0,0,0,0
3466,Vodafone España,Barcelona,2017-07-28T19:26:29.460014Z,10.375675776756264,30.049,8687351.528528826,215510254.3035917,whyyounogetwifi_5G,6.115,0,0,0,0,0,0
2254,CSUC,Barcelona,2017-07-28T19:31:52.902417Z,10.375675776756264,36.646,7043480.712411346,73291221.05892019,whyyounogetwifi_5G,3.346,0,0,0,0,0,0
3466,Vodafone España,Barcelona,2017-07-28T19:37:21.039803Z,10.375675776756264,7.717,8309439.723150199,122718289.13524994,whyyounogetwifi_5G,5.091,0,0,0,0,0,0
3466,Vodafone España,Barcelona,2017-07-28T19:42:47.107741Z,10.375675776756264,45.447,8156316.366700638,49601075.92436745,whyyounogetwifi_5G,3.125,0,0,0,0,0,0
12086,Fira de Barcelona,Barcelona,2017-07-28T19:48:18.007789Z,10.375675776756264,346.894,4708781.260031926,10801760.642400008,whyyounogetwifi_5G,8.261,0,0,0,0,0,0
3466,Vodafone España,Barcelona,2017-07-28T19:54:05.199953Z,10.375675776756264,25.046,8093092.128916324,21639653.97104407,whyyounogetwifi_5G,3.269,0,0,0,0,0,0
1695,Adamo,Barcelona,2017-07-28T19:59:37.706949Z,10.375675776756264,69.065,7120641.174641236,54945747.26948416,whyyounogetwifi_5G,3.161,0,0,0,0,0,0
3466,Vodafone España,Barcelona,2017-07-28T20:05:10.041275Z,10.375675776756264,55.753,8442651.757550078,114999288.0028305,whyyounogetwifi_5G,3.676,0,0,0,0,0,0
3466,Vodafone España,Barcelona,2017-07-28T20:10:38.125228Z,10.375675776756264,114.673,7009329.604340645,7392835.42860083,whyyounogetwifi_5G,3.086,0,0,0,0,0,0
12086,Fira de Barcelona,Barcelona,2017-07-28T20:16:20.463688Z,10.375675776756264,239.146,7488698.22824273,18965922.20594112,whyyounogetwifi_5G,3.279,0,0,0,0,0,0
3466,Vodafone España,Barcelona,2017-07-28T20:21:46.231091Z,10.375675776756264,125.347,6535814.55815225,27130869.60852638,whyyounogetwifi_5G,5.712,0,0,0,0,0,0
3466,Vodafone España,Barcelona,2017-07-28T20:25:02.160942Z,10.375675776756264,134.909,8652953.77814282,68415516.81923132,whyyounogetwifi_5G,3.307,0,0,0,0,0,0
3466,Vodafone España,Barcelona,2017-07-28T20:30:39.020639Z,10.375675776756264,214.302,8473210.385311268,12766580.124099923,whyyounogetwifi_5G,65.264,0,0,0,0,0,0
1695,Adamo,Barcelona,2017-07-28T20:36:23.099625Z,10.375675776756264,330.745,8334512.843575378,10122247.784487246,whyyounogetwifi_5G,3.339,0,0,0,0,0,0
3466,Vodafone España,Barcelona,2017-07-28T20:42:09.253459Z,10.375675776756264,251.397,7083086.137203438,7965758.3077271385,whyyounogetwifi_5G,12.130,0,0,0,0,0,0
3466,Vodafone España,Barcelona,2017-07-28T20:48:03.661555Z,10.375675776756264,375.885,7759998.420531686,6329024.73563605,whyyounogetwifi_5G,9.608,0,0,0,0,0,0
2254,CSUC,Barcelona,2017-07-28T20:53:53.986346Z,10.375675776756264,502.474,6431716.3367004,6265043.878418457,whyyounogetwifi_5G,9.423,0,0,0,0,0,0
3466,Vodafone España,Barcelona,2017-07-28T20:59:46.624496Z,10.375675776756264,432.377,7578911.98374217,4471276.777302886,whyyounogetwifi_5G,3.451,0,0,0,0,0,0
3466,Vodafone España,Barcelona,2017-07-28T21:05:42.258984Z,10.375675776756264,396.173,8144653.492182067,7719300.127546513,whyyounogetwifi_5G,72.101,0,0,0,0,0,0
3466,Vodafone España,Barcelona,2017-07-28T21:11:32.821565Z,10.375675776756264,488.58,8123964.641538219,5671912.939584241,whyyounogetwifi_5G,9.499,0,0,0,0,0,0
3466,Vodafone España,Barcelona,2017-07-28T21:17:33.375664Z,10.375675776756264,449.614,5939884.776992042,5172387.385259989,whyyounogetwifi_5G,5.025,0,0,0,0,0,0
4374,Orange,Barcelona,2017-07-28T21:23:32.165758Z,10.375675776756264,407.079,6333856.821257842,4068854.2890119944,whyyounogetwifi_5G,8.102,0,0,0,0,0,0
3466,Vodafone España,Barcelona,2017-07-28T21:29:23.722922Z,10.375675776756264,502.741,3773250.6445430517,5257940.758836968,whyyounogetwifi_5G,3.981,0,0,0,0,0,0
2254,CSUC,Barcelona,2017-07-28T21:35:20.521493Z,10.375675776756264,516.768,5573485.660189825,4031286.0522199553,whyyounogetwifi_5G,3.672,0,0,0,0,0,0
4374,Orange,Barcelona,2017-07-28T21:41:20.446532Z,10.375675776756264,460.062,7080244.718737724,4098234.0517007536,whyyounogetwifi_5G,4.017,0,0,0,0,0,0
3466,Vodafone España,Barcelona,2017-07-28T21:53:04.068852Z,10.375675776756264,334.325,6572070.638951689,8218720.430956298,whyyounogetwifi_5G,3.111,0,0,0,0,0,0
2254,CSUC,Barcelona,2017-07-28T21:58:53.488078Z,10.375675776756264,257.005,8482968.210602215,11977517.656196551,whyyounogetwifi_5G,3.796,0,0,0,0,0,0
2254,CSUC,Barcelona,2017-07-28T22:04:35.378677Z,10.375675776756264,272.954,8734231.227428574,9958133.745353641,whyyounogetwifi_5G,4.005,0,0,0,0,0,0
3466,Vodafone España,Barcelona,2017-07-29T09:01:37.070858Z,10.375675776756264,11.922,150998414.32865378,441300.8073560307,whyyounogetwifi_5G,4.631,0,0,0,0,0,0
3466,Vodafone España,Barcelona,2017-07-30T09:43:59.348763Z,10.375675776756264,15.042,243669375.36575472,185902399.8511076,whyyounogetwifi_5G,4.016,0,0,0,0,0,0
3466,Vodafone España,Barcelona,2017-07-30T09:49:24.211912Z,10.375675776756264,19.203,266100610.96564972,118821844.13745147,whyyounogetwifi_5G,3.897,0,0,0,0,0,0
3466,Vodafone España,Barcelona,2017-07-30T09:54:53.231114Z,10.375675776756264,7.742,288227334.4413896,139743978.5398986,whyyounogetwifi_5G,11.679,0,0,0,0,0,0
3466,Vodafone España,Barcelona,2017-07-30T10:00:20.329553Z,10.375675776756264,10.236,282209059.35842824,193022870.6987239,whyyounogetwifi_5G,3.594,0,0,0,0,0,0
3466,Vodafone España,Barcelona,2017-07-30T10:05:44.713674Z,10.375675776756264,12.196,247243159.3654094,189861641.7884137,whyyounogetwifi_5G,4.077,0,0,0,0,0,0
3466,Vodafone España,Barcelona,2017-07-30T10:11:13.233646Z,10.375675776756264,14.783,271518254.1889748,126902799.01257509,whyyounogetwifi_5G,4.055,0,0,0,0,0,0
3466,Vodafone España,Barcelona,2017-07-30T10:16:41.214724Z,10.375675776756264,41.02,89167253.919507,170946842.2584706,whyyounogetwifi_5G,64.412,0,0,0,0,0,0
3466,Vodafone España,Barcelona,2017-07-30T10:22:09.484881Z,10.375675776756264,20.418,244043250.08637714,183393275.5192134,whyyounogetwifi_5G,4.115,0,0,0,0,0,0
3466,Vodafone España,Barcelona,2017-07-30T10:27:35.257320Z,10.375675776756264,56.347,225999262.48099342,107414483.00435293,whyyounogetwifi_5G,4.045,0,0,0,0,0,0
12086,Fira de Barcelona,Barcelona,2017-07-30T10:33:06.298686Z,10.375675776756264,60.595,106634094.81139576,71589650.92464714,whyyounogetwifi_5G,25.664,0,0,0,0,0,0
3466,Vodafone España,Barcelona,2017-07-30T10:38:43.668899Z,10.375675776756264,18.751,174812741.11507565,111841494.590488,whyyounogetwifi_5G,8.468,0,0,0,0,0,0
3466,Vodafone España,Barcelona,2017-07-30T10:44:14.071411Z,10.375675776756264,46.76,225769687.6748392,111978805.13805024,whyyounogetwifi_5G,9.592,0,0,0,0,0,0
3466,Vodafone España,Barcelona,2017-07-30T10:49:46.589772Z,10.375675776756264,85.966,47361873.681072704,51548533.54634758,whyyounogetwifi_5G,3.372,0,0,0,0,0,0
1695,Adamo,Barcelona,2017-07-30T10:55:20.804095Z,10.375675776756264,96.251,60096601.10379389,78572068.51761676,whyyounogetwifi_5G,3.192,0,0,0,0,0,0
3466,Vodafone España,Barcelona,2017-07-30T11:00:53.609145Z,10.375675776756264,49.457,179055432.0335179,43142300.10507271,whyyounogetwifi_5G,34.748,0,0,0,0,0,0
1695,Adamo,Barcelona,2017-07-30T11:04:03.073987Z,10.375675776756264,97.203,74873939.31114627,62175568.80925703,whyyounogetwifi_5G,7.604,0,0,0,0,0,0
3466,Vodafone España,Barcelona,2017-07-30T11:05:40.280280Z,10.375675776756264,54.734,232663949.03551888,77957751.49525647,whyyounogetwifi_5G,3.192,0,0,0,0,0,0
3466,Vodafone España,Barcelona,2017-07-30T11:06:21.647415Z,10.375675776756264,56.006,239495799.61474353,91686676.3997842,whyyounogetwifi_5G,3.570,0,0,0,0,0,0
2254,CSUC,Barcelona,2017-07-30T11:07:37.324165Z,10.375675776756264,69.016,76805768.61346117,77522302.11961667,whyyounogetwifi_5G,4.087,0,0,0,0,0,0
3466,Vodafone España,Barcelona,2017-07-30T11:13:08.475679Z,10.375675776756264,35.093,264675314.28635082,121445234.2328893,whyyounogetwifi_5G,3.968,0,0,0,0,0,0
3466,Vodafone España,Barcelona,2017-07-30T11:18:38.620481Z,10.375675776756264,77.907,236118930.91432592,78351867.1679373,whyyounogetwifi_5G,3.847,0,0,0,0,0,0
3466,Vodafone España,Barcelona,2017-07-30T11:24:09.939136Z,10.375675776756264,48.063,259947889.55195653,170315954.62886283,whyyounogetwifi_5G,4.189,0,0,0,0,0,0
3466,Vodafone España,Barcelona,2017-07-30T11:29:36.908454Z,10.375675776756264,28.054,215233126.2755122,160333780.04100233,whyyounogetwifi_5G,3.635,0,0,0,0,0,0
1695,Adamo,Barcelona,2017-07-30T11:35:04.593601Z,10.375675776756264,76.995,93678862.88633628,91205360.34790915,whyyounogetwifi_5G,75.828,0,0,0,0,0,0
2254,CSUC,Barcelona,2017-07-30T11:40:37.331284Z,10.375675776756264,71.233,62411744.944452964,25485187.68367464,whyyounogetwifi_5G,3.166,0,0,0,0,0,0
3466,Vodafone España,Barcelona,2017-07-30T11:46:15.490427Z,10.375675776756264,147.394,15511481.756388132,62764599.174235635,whyyounogetwifi_5G,3.305,0,0,0,0,0,0
4374,Orange,Barcelona,2017-07-30T11:51:51.267702Z,10.375675776756264,133.278,14844319.759488385,28186611.695288908,whyyounogetwifi_5G,3.896,0,0,0,0,0,0
12086,Fira de Barcelona,Barcelona,2017-07-30T11:57:26.966619Z,10.375675776756264,118.749,41712680.25205195,74651603.8042688,whyyounogetwifi_5G,3.551,0,0,0,0,0,0
3466,Vodafone España,Barcelona,2017-07-30T12:03:00.969454Z,10.375675776756264,140.526,10995310.338735495,48987283.890661545,whyyounogetwifi_5G,4.201,0,0,0,0,0,0
4374,Orange,Barcelona,2017-07-30T12:08:36.908580Z,10.375675776756264,166.901,13763617.516578535,29053181.08381113,whyyounogetwifi_5G,3.383,0,0,0,0,0,0
3466,Vodafone España,Barcelona,2017-07-30T12:14:28.457952Z,10.375675776756264,125.823,23079937.27522188,53895350.49135128,whyyounogetwifi_5G,4.091,0,0,0,0,0,0
3466,Vodafone España,Barcelona,2017-07-30T12:20:03.943257Z,10.375675776756264,110.534,22247693.42999387,86121397.78101264,whyyounogetwifi_5G,4.061,0,0,0,0,0,0
3466,Vodafone España,Barcelona,2017-07-30T12:25:38.730969Z,10.375675776756264,153.914,16719773.985187441,64102669.99266388,whyyounogetwifi_5G,3.240,0,0,0,0,0,0
3466,Vodafone España,Barcelona,2017-07-30T12:31:16.351260Z,10.375675776756264,133.985,30819572.90417132,76858628.2798344,whyyounogetwifi_5G,3.647,0,0,0,0,0,0
4374,Orange,Barcelona,2017-07-30T12:36:51.207100Z,10.375675776756264,125.936,40757550.405970685,64321660.63684289,whyyounogetwifi_5G,4.174,0,0,0,0,0,0
3466,Vodafone España,Barcelona,2017-07-30T12:42:24.878441Z,10.375675776756264,44.172,205486949.41090298,147648288.07120875,whyyounogetwifi_5G,3.974,0,0,0,0,0,0
3466,Vodafone España,Barcelona,2017-07-30T12:47:52.930617Z,10.375675776756264,95.585,111627436.52514303,78199088.37159301,whyyounogetwifi_5G,3.988,0,0,0,0,0,0
3466,Vodafone España,Barcelona,2017-07-30T12:53:28.093343Z,10.375675776756264,86.318,48343546.448527575,50429202.675971285,whyyounogetwifi_5G,4.032,0,0,0,0,0,0
3466,Vodafone España,Barcelona,2017-07-30T12:59:02.948832Z,10.375675776756264,63.644,51549187.275492035,84501949.45460044,whyyounogetwifi_5G,4.425,0,0,0,0,0,0
3466,Vodafone España,Barcelona,2017-07-30T13:04:34.209376Z,10.375675776756264,133.263,72509391.38747479,29940135.273491867,whyyounogetwifi_5G,4.300,0,0,0,0,0,0
3466,Vodafone España,Barcelona,2017-07-30T13:10:12.769496Z,10.375675776756264,215.381,59876963.50248115,24820785.058722645,whyyounogetwifi_5G,4.262,0,0,0,0,0,0
2254,CSUC,Barcelona,2017-07-30T13:15:52.557209Z,10.375675776756264,247.35,16189983.489957182,11690535.541344112,whyyounogetwifi_5G,3.909,0,0,0,0,0,0
3466,Vodafone España,Barcelona,2017-07-30T13:21:41.134339Z,10.375675776756264,256.245,31302811.912783742,12415290.840573693,whyyounogetwifi_5G,5.144,0,0,0,0,0,0
3466,Vodafone España,Barcelona,2017-07-30T13:27:24.149425Z,10.375675776756264,238.972,56487873.24704281,19328537.157063156,whyyounogetwifi_5G,5.120,0,0,0,0,0,0
3466,Vodafone España,Barcelona,2017-07-30T13:33:05.369860Z,10.375675776756264,229.995,64413584.13265733,10919927.017730303,whyyounogetwifi_5G,3.719,0,0,0,0,0,0
3466,Vodafone España,Barcelona,2017-07-30T13:38:52.211197Z,10.375675776756264,374.863,7696692.320342693,7766388.06037307,whyyounogetwifi_5G,4.928,0,0,0,0,0,0
12086,Fira de Barcelona,Barcelona,2017-07-30T13:44:38.832117Z,10.375675776756264,382.259,6506565.948844333,5699162.357242109,whyyounogetwifi_5G,6.612,0,0,0,0,0,0
2254,CSUC,Barcelona,2017-07-30T13:47:08.444165Z,10.375675776756264,379.299,4880264.114382701,5917780.358454309,whyyounogetwifi_5G,4.140,0,0,0,0,0,0
4374,Orange,Barcelona,2017-07-30T13:50:40.650860Z,10.375675776756264,360.0,3943643.4499943997,5747031.133478114,whyyounogetwifi_5G,4.056,0,0,0,0,0,0
3466,Vodafone España,Barcelona,2017-07-30T13:52:41.837734Z,10.375675776756264,324.945,3362661.1624104087,7615183.350145595,whyyounogetwifi_5G,4.006,0,0,0,0,0,0
3466,Vodafone España,Barcelona,2017-07-30T13:58:32.832603Z,10.375675776756264,399.391,2587800.4630757123,5085998.508550879,whyyounogetwifi_5G,3.908,0,0,0,0,0,0
3466,Vodafone España,Barcelona,2017-07-30T14:04:26.631326Z,10.375675776756264,220.177,10497735.250251988,13370797.86208443,whyyounogetwifi_5G,4.027,0,0,0,0,0,0
3466,Vodafone España,Barcelona,2017-07-30T14:10:10.246172Z,10.375675776756264,167.377,8922277.980068894,17814824.424093932,whyyounogetwifi_5G,3.874,0,0,0,0,0,0
12086,Fira de Barcelona,Barcelona,2017-07-30T14:15:52.938776Z,10.375675776756264,245.308,8395718.13701958,13203967.448680634,whyyounogetwifi_5G,3.681,0,0,0,0,0,0
3466,Vodafone España,Barcelona,2017-07-30T14:21:37.637270Z,10.375675776756264,284.221,9614271.15733993,6433885.38637734,whyyounogetwifi_5G,4.230,0,0,0,0,0,0
12086,Fira de Barcelona,Barcelona,2017-07-30T14:27:24.195206Z,10.375675776756264,375.354,8797555.830127863,6848787.537783192,whyyounogetwifi_5G,3.934,0,0,0,0,0,0
12086,Fira de Barcelona,Barcelona,2017-07-30T14:33:13.099391Z,10.375675776756264,264.187,8040253.235087563,8831095.404674817,whyyounogetwifi_5G,4.154,0,0,0,0,0,0
3466,Vodafone España,Barcelona,2017-07-30T14:39:03.683212Z,10.375675776756264,351.683,8610783.574095212,8325064.08985745,whyyounogetwifi_5G,3.888,0,0,0,0,0,0
12086,Fira de Barcelona,Barcelona,2017-07-30T14:44:55.477807Z,10.375675776756264,322.22,8124422.355422611,6103607.512321062,whyyounogetwifi_5G,3.437,0,0,0,0,0,0
2254,CSUC,Barcelona,2017-07-30T14:50:45.180999Z,10.375675776756264,348.872,9164869.500756333,5212445.258175118,whyyounogetwifi_5G,4.032,0,0,0,0,0,0
4374,Orange,Barcelona,2017-07-30T14:56:35.096624Z,10.375675776756264,409.544,4628692.270053188,4788042.940408856,whyyounogetwifi_5G,4.400,0,0,0,0,0,0
3466,Vodafone España,Barcelona,2017-07-30T15:02:27.004431Z,10.375675776756264,288.753,12629840.100084879,8009988.723854552,whyyounogetwifi_5G,3.949,0,0,0,0,0,0
2254,CSUC,Barcelona,2017-07-30T15:08:13.390699Z,10.375675776756264,254.981,7884130.934087677,10971045.650872812,whyyounogetwifi_5G,3.331,0,0,0,0,0,0
2254,CSUC,Barcelona,2017-07-30T15:14:02.635052Z,10.375675776756264,268.605,6573033.963563903,10795523.230401991,whyyounogetwifi_5G,30.100,0,0,0,0,0,0
12086,Fira de Barcelona,Barcelona,2017-07-30T15:19:51.295545Z,10.375675776756264,303.131,4882992.003418561,10226595.662706057,whyyounogetwifi_5G,3.256,0,0,0,0,0,0
3466,Vodafone España,Barcelona,2017-07-30T15:25:40.877401Z,10.375675776756264,243.103,4887958.333386091,8722698.392001526,whyyounogetwifi_5G,3.274,0,0,0,0,0,0
2254,CSUC,Barcelona,2017-07-30T15:31:32.506578Z,10.375675776756264,692.708,2701894.7614024435,4775891.578488906,whyyounogetwifi_5G,3.259,0,0,0,0,0,0
3466,Vodafone España,Barcelona,2017-07-30T15:37:39.508875Z,10.375675776756264,280.812,9219313.995550396,17481238.051713582,whyyounogetwifi_5G,3.268,0,0,0,0,0,0
3466,Vodafone España,Barcelona,2017-07-30T15:43:23.553817Z,10.375675776756264,242.639,7525662.551918617,17549023.7179919,whyyounogetwifi_5G,3.282,0,0,0,0,0,0
12086,Fira de Barcelona,Barcelona,2017-07-30T15:49:07.230340Z,10.375675776756264,265.627,11753870.637822822,11420027.888183638,whyyounogetwifi_5G,3.613,0,0,0,0,0,0
3466,Vodafone España,Barcelona,2017-07-30T15:54:54.676684Z,10.375675776756264,295.805,12156000.434912797,9272345.423536517,whyyounogetwifi_5G,3.587,0,0,0,0,0,0
1695,Adamo,Barcelona,2017-07-30T16:00:44.362205Z,10.375675776756264,283.906,11768961.435271047,9080135.766156558,whyyounogetwifi_5G,3.671,0,0,0,0,0,0
12086,Fira de Barcelona,Barcelona,2017-07-30T16:06:29.843970Z,10.375675776756264,307.099,12127730.220401535,8320179.472637618,whyyounogetwifi_5G,3.998,0,0,0,0,0,0
3466,Vodafone España,Barcelona,2017-07-30T16:12:16.221345Z,10.375675776756264,289.45,11834263.341911132,7627769.604786824,whyyounogetwifi_5G,4.068,0,0,0,0,0,0
3466,Vodafone España,Barcelona,2017-07-30T16:18:05.921255Z,10.375675776756264,341.544,6252979.555523905,6256677.507340387,whyyounogetwifi_5G,8.560,0,0,0,0,0,0
3466,Vodafone España,Barcelona,2017-07-30T16:23:56.141975Z,10.375675776756264,307.167,4580973.894338593,7526065.309497688,whyyounogetwifi_5G,5.087,0,0,0,0,0,0
1695,Adamo,Barcelona,2017-07-30T16:36:09.278166Z,10.375675776756264,291.59,12226409.528257377,9270830.725360086,whyyounogetwifi_5G,32.444,0,0,0,0,0,0
3466,Vodafone España,Barcelona,2017-07-30T17:31:46.473916Z,10.375675776756264,125.071,7982111.134958571,62824516.33385947,whyyounogetwifi_5G,3.919,0,0,0,0,0,0
3466,Vodafone España,Barcelona,2017-07-30T17:37:29.783808Z,10.375675776756264,167.866,8966883.394164475,33061390.672675975,whyyounogetwifi_5G,5.251,0,0,0,0,0,0
2254,CSUC,Barcelona,2017-07-30T17:43:09.140824Z,10.375675776756264,291.754,8459516.360382626,14422633.010068648,whyyounogetwifi_5G,3.902,0,0,0,0,0,0
3466,Vodafone España,Barcelona,2017-07-30T17:48:56.941260Z,10.375675776756264,209.914,8369719.050415432,11076758.511178505,whyyounogetwifi_5G,4.031,0,0,0,0,0,0
12086,Fira de Barcelona,Barcelona,2017-07-30T17:54:48.182276Z,10.375675776756264,212.967,9096120.89939546,16607482.640325861,whyyounogetwifi_5G,71.436,0,0,0,0,0,0
1695,Adamo,Barcelona,2017-07-30T18:00:30.318498Z,10.375675776756264,253.128,8517282.142281517,12008722.086826736,whyyounogetwifi_5G,4.306,0,0,0,0,0,0
3466,Vodafone España,Barcelona,2017-07-30T18:06:16.048139Z,10.375675776756264,268.745,8667207.297988158,17111102.651731707,whyyounogetwifi_5G,3.969,0,0,0,0,0,0
4374,Orange,Barcelona,2017-07-30T18:11:59.525678Z,10.375675776756264,306.868,8664144.69478896,5191330.272510951,whyyounogetwifi_5G,8.050,0,0,0,0,0,0
12086,Fira de Barcelona,Barcelona,2017-07-30T18:17:53.617941Z,10.375675776756264,324.193,8670398.949257396,8907079.614100816,whyyounogetwifi_5G,7.731,0,0,0,0,0,0
3466,Vodafone España,Barcelona,2017-07-30T18:23:39.555690Z,10.375675776756264,299.889,8064947.24814566,6800074.914146904,whyyounogetwifi_5G,4.351,0,0,0,0,0,0
3466,Vodafone España,Barcelona,2017-07-30T18:29:25.876505Z,10.375675776756264,319.066,7435241.196734619,8368425.278141693,whyyounogetwifi_5G,3.712,0,0,0,0,0,0
3466,Vodafone España,Barcelona,2017-07-30T18:35:17.971404Z,10.375675776756264,281.835,8345513.000491551,7557865.932598502,whyyounogetwifi_5G,72.427,0,0,0,0,0,0
3466,Vodafone España,Barcelona,2017-07-30T18:41:04.505163Z,10.375675776756264,282.029,8060185.203665271,7438323.512247688,whyyounogetwifi_5G,4.088,0,0,0,0,0,0
3466,Vodafone España,Barcelona,2017-07-30T18:46:51.518781Z,10.375675776756264,302.255,8166565.991599823,5062469.667161571,whyyounogetwifi_5G,4.054,0,0,0,0,0,0
4374,Orange,Barcelona,2017-07-30T18:52:39.433133Z,10.375675776756264,375.426,8209688.840753908,5966941.929537022,whyyounogetwifi_5G,11.205,0,0,0,0,0,0
12086,Fira de Barcelona,Barcelona,2017-07-30T18:58:31.130247Z,10.375675776756264,318.012,8477822.964700317,5923532.60810383,whyyounogetwifi_5G,3.971,0,0,0,0,0,0
3466,Vodafone España,Barcelona,2017-07-30T19:04:20.281568Z,10.375675776756264,342.113,7967025.138903606,5496520.034552178,whyyounogetwifi_5G,4.248,0,0,0,0,0,0
3466,Vodafone España,Barcelona,2017-07-30T19:10:10.389328Z,10.375675776756264,444.508,7354163.563660961,6205938.845988745,whyyounogetwifi_5G,7.431,0,0,0,0,0,0
3466,Vodafone España,Barcelona,2017-07-30T19:16:03.786436Z,10.375675776756264,452.031,7294441.448678858,5905264.105674356,whyyounogetwifi_5G,9.327,0,0,0,0,0,0
1695,Adamo,Barcelona,2017-07-30T19:21:57.663530Z,10.375675776756264,409.627,7000102.326413805,6088598.008680336,whyyounogetwifi_5G,5.503,0,0,0,0,0,0
3466,Vodafone España,Barcelona,2017-07-30T19:27:49.210187Z,10.375675776756264,461.272,5217618.993070045,4950287.9808530295,whyyounogetwifi_5G,4.903,0,0,0,0,0,0
2254,CSUC,Barcelona,2017-07-30T19:33:44.343962Z,10.375675776756264,369.412,7221728.167270315,4968429.224708618,whyyounogetwifi_5G,7.779,0,0,0,0,0,0
3466,Vodafone España,Barcelona,2017-07-30T19:41:37.969712Z,10.375675776756264,409.073,7548561.159139539,5309477.28182501,whyyounogetwifi_5G,6.139,0,0,0,0,0,0
4374,Orange,Barcelona,2017-07-30T19:47:37.007255Z,10.375675776756264,460.546,5554903.511301599,3957043.4106444367,whyyounogetwifi_5G,3.423,0,0,0,0,0,0
1695,Adamo,Barcelona,2017-07-30T19:53:34.425115Z,10.375675776756264,549.711,6621394.061824962,2359440.0998631143,whyyounogetwifi_5G,4.356,0,0,0,0,0,0
2254,CSUC,Barcelona,2017-07-30T20:17:16.531949Z,10.375675776756264,612.387,4585542.863923058,3578406.0638556685,whyyounogetwifi_5G,4.516,0,0,0,0,0,0
3466,Vodafone España,Barcelona,2017-07-30T20:23:27.194737Z,10.375675776756264,595.365,6270605.680026165,2397067.1021676473,whyyounogetwifi_5G,3.998,0,0,0,0,0,0
3466,Vodafone España,Barcelona,2017-07-30T20:29:37.113783Z,10.375675776756264,590.972,0.0,0.0,whyyounogetwifi_5G,3.912,0,0,0,0,0,0
3466,Vodafone España,Barcelona,2017-07-30T20:41:51.455523Z,10.375675776756264,610.801,5333457.907818357,3850434.856666592,whyyounogetwifi_5G,3.862,0,0,0,0,0,0
3466,Vodafone España,Barcelona,2017-07-30T20:47:54.988290Z,10.375675776756264,592.395,5540441.526685538,3201385.1078890837,whyyounogetwifi_5G,3.447,0,0,0,0,0,0
3466,Vodafone España,Barcelona,2017-07-30T20:54:00.404365Z,10.375675776756264,666.506,4857535.588688204,4711325.059611296,whyyounogetwifi_5G,4.093,0,0,0,0,0,0
3466,Vodafone España,Barcelona,2017-07-30T21:00:05.882547Z,10.375675776756264,617.189,5625166.016586203,3379677.8767134566,whyyounogetwifi_5G,4.389,0,0,0,0,0,0
3466,Vodafone España,Barcelona,2017-07-30T21:06:11.790135Z,10.375675776756264,608.892,5431513.9333194755,3141321.086504201,whyyounogetwifi_5G,3.352,0,0,0,0,0,0
3466,Vodafone España,Barcelona,2017-07-30T21:12:18.026775Z,10.375675776756264,607.647,4949933.632154845,3255481.6868162765,whyyounogetwifi_5G,4.504,0,0,0,0,0,0
3466,Vodafone España,Barcelona,2017-07-30T22:05:02.499030Z,10.375675776756264,343.684,7949523.101158241,6648.834588246722,whyyounogetwifi_5G,-1405.216,0,0,0,0,0,0
3466,Vodafone España,Barcelona,2017-07-30T23:03:04.204004Z,10.375675776756264,84.105,160039856.95680624,96077523.95846702,whyyounogetwifi_5G,3.921,0,0,0,0,0,0
3466,Vodafone España,Barcelona,2017-07-31T03:53:52.869914Z,10.375675776756264,15.801,267401537.84329715,104299.08725820467,whyyounogetwifi_5G,3.936,0,0,0,0,0,0
3466,Vodafone España,Barcelona,2017-07-31T08:05:46.118318Z,10.375675776756264,8.791,291496767.48778856,183390829.54680875,whyyounogetwifi_5G,3.650,0,0,0,0,0,0
3466,Vodafone España,Barcelona,2017-07-31T08:11:11.447408Z,10.375675776756264,7.506,273271700.19370586,283499698.2023112,whyyounogetwifi_5G,3.979,0,0,0,0,0,0
12086,Fira de Barcelona,Barcelona,2017-07-31T08:16:49.096339Z,10.375675776756264,32.524,268321381.58115432,164970067.76255023,whyyounogetwifi_5G,4.527,0,0,0,0,0,0
3466,Vodafone España,Barcelona,2017-07-31T08:22:16.167359Z,10.375675776756264,7.641,289601523.8123144,279183227.2880198,whyyounogetwifi_5G,3.885,0,0,0,0,0,0
3466,Vodafone España,Barcelona,2017-07-31T08:27:39.727911Z,10.375675776756264,6.921,291758573.3493873,160019809.51087913,whyyounogetwifi_5G,4.438,0,0,0,0,0,0
3466,Vodafone España,Barcelona,2017-07-31T08:33:05.978128Z,10.375675776756264,13.141,290798159.7939104,235225828.96056,whyyounogetwifi_5G,4.213,0,0,0,0,0,0
3466,Vodafone España,Barcelona,2017-07-31T08:38:29.773845Z,10.375675776756264,7.547,244353904.31495592,279278614.6876755,whyyounogetwifi_5G,3.887,0,0,0,0,0,0
3466,Vodafone España,Barcelona,2017-07-31T08:43:52.442186Z,10.375675776756264,7.863,292929860.93528974,295007436.35760164,whyyounogetwifi_5G,4.139,0,0,0,0,0,0
3466,Vodafone España,Barcelona,2017-07-31T08:49:14.905329Z,10.375675776756264,15.643,161328651.85983396,262456210.89682287,whyyounogetwifi_5G,6.592,0,0,0,0,0,0
3466,Vodafone España,Barcelona,2017-07-31T08:51:11.746220Z,10.375675776756264,7.88,290485533.2667168,171968630.39493847,whyyounogetwifi_5G,4.071,-47,0,-92,0,1053,217
3466,Vodafone España,Barcelona,2017-07-31T08:54:40.030449Z,10.375675776756264,8.044,287318746.54490525,274207415.62658495,whyyounogetwifi_5G,4.090,-46,0,-92,0,867,217
3466,Vodafone España,Barcelona,2017-07-31T09:00:03.311490Z,10.375675776756264,7.306,275164587.07032526,170981555.8293297,whyyounogetwifi_5G,3.790,-55,0,-92,0,527,217
3466,Vodafone España,Barcelona,2017-07-31T09:05:29.785397Z,10.375675776756264,11.117,280625883.3129891,203168142.47860557,whyyounogetwifi_5G,4.048,-58,0,-93,0,468,217
3466,Vodafone España,Barcelona,2017-07-31T09:10:54.562587Z,10.375675776756264,7.208,286414157.4681432,244615643.96587867,whyyounogetwifi_5G,3.601,-57,0,-93,0,527,217
3466,Vodafone España,Barcelona,2017-07-31T09:16:17.642615Z,10.375675776756264,13.078,286557677.60093486,220815645.85659638,whyyounogetwifi_5G,3.531,-56,0,-93,0,878,217
3466,Vodafone España,Barcelona,2017-07-31T09:21:46.576881Z,10.375675776756264,7.566,282459719.4049285,201583601.08559194,whyyounogetwifi_5G,4.639,-58,0,-93,0,468,217
3466,Vodafone España,Barcelona,2017-07-31T09:25:32.371350Z,10.375675776756264,7.2,291888745.2520472,220480478.86973616,whyyounogetwifi_5G,3.484,-58,0,-93,0,585,217
3466,Vodafone España,Barcelona,2017-07-31T09:28:10.936391Z,10.375675776756264,7.899,291487957.17875737,253480071.0602502,whyyounogetwifi_5G,4.341,-57,0,-93,0,351,217
3466,Vodafone España,Barcelona,2017-07-31T09:33:34.345862Z,10.375675776756264,9.989,280980251.5595941,170025120.4763284,whyyounogetwifi_5G,4.060,-57,0,-92,0,468,217
3466,Vodafone España,Barcelona,2017-07-31T09:38:59.850056Z,10.375675776756264,7.919,292279050.2101014,169734964.81437162,whyyounogetwifi_5G,4.316,-56,0,-92,0,468,217
3466,Vodafone España,Barcelona,2017-07-31T09:44:25.486706Z,10.375675776756264,9.312,291393872.14928,249846197.08329093,whyyounogetwifi_5G,3.586,-55,0,-93,0,527,217
3466,Vodafone España,Barcelona,2017-07-31T09:49:48.490760Z,10.375675776756264,13.327,267273207.46172723,87867402.74853806,whyyounogetwifi_5G,3.649,-58,0,-93,0,702,217
3466,Vodafone España,Barcelona,2017-07-31T09:55:17.539399Z,10.375675776756264,8.098,290523691.6782266,241910561.3259319,whyyounogetwifi_5G,4.048,-58,0,-93,0,527,217
3466,Vodafone España,Barcelona,2017-07-31T10:00:41.482037Z,10.375675776756264,7.497,281789678.0165063,253364726.63516727,whyyounogetwifi_5G,4.264,-57,0,-93,0,351,217
3466,Vodafone España,Barcelona,2017-07-31T10:06:04.414907Z,10.375675776756264,11.23,281040931.70730644,178145774.65961292,whyyounogetwifi_5G,3.957,-54,0,-93,0,527,217
3466,Vodafone España,Barcelona,2017-07-31T10:11:29.585720Z,10.375675776756264,7.35,281270899.6559662,165168287.60611516,whyyounogetwifi_5G,3.671,-56,0,-92,0,234,217
3466,Vodafone España,Barcelona,2017-07-31T10:16:55.407916Z,10.375675776756264,14.001,280173122.4077522,153995559.39989692,whyyounogetwifi_5G,3.687,-57,0,-93,0,702,217
3466,Vodafone España,Barcelona,2017-07-31T10:22:24.904323Z,10.375675776756264,7.808,277777383.71653736,172404777.62692693,whyyounogetwifi_5G,3.430,-58,0,-93,0,527,217
3466,Vodafone España,Barcelona,2017-07-31T10:27:50.949983Z,10.375675776756264,7.321,290791230.65268964,210116894.0474154,whyyounogetwifi_5G,4.762,-54,0,-93,0,527,217
3466,Vodafone España,Barcelona,2017-07-31T10:33:15.154496Z,10.375675776756264,10.687,290112576.00220466,143000838.32990152,whyyounogetwifi_5G,4.344,-51,0,-93,0,702,217
3466,Vodafone España,Barcelona,2017-07-31T10:38:42.054109Z,10.375675776756264,8.069,290206766.5080107,234362560.13772723,whyyounogetwifi_5G,3.677,-52,0,-93,0,878,217
3466,Vodafone España,Barcelona,2017-07-31T10:44:07.187235Z,10.375675776756264,9.419,293624703.7770479,141211152.09213683,whyyounogetwifi_5G,4.150,-51,0,-93,0,878,217
3466,Vodafone España,Barcelona,2017-07-31T10:49:35.548013Z,10.375675776756264,19.154,289768531.67638636,258658064.18572235,whyyounogetwifi_5G,4.198,-51,0,-93,0,878,217
3466,Vodafone España,Barcelona,2017-07-31T10:54:59.035395Z,10.375675776756264,7.909,285665288.1841314,190413057.14523715,whyyounogetwifi_5G,4.079,-52,0,-93,0,878,217
3466,Vodafone España,Barcelona,2017-07-31T11:00:32.823463Z,10.375675776756264,8.414,282440039.22555757,179739190.44631615,whyyounogetwifi_5G,4.072,-51,0,-93,0,702,217
3466,Vodafone España,Barcelona,2017-07-31T11:05:58.297353Z,10.375675776756264,10.95,287676004.97883123,201000289.71655083,whyyounogetwifi_5G,3.830,-51,0,-93,0,878,217
3466,Vodafone España,Barcelona,2017-07-31T11:11:22.808527Z,10.375675776756264,13.771,277622559.2895726,280663677.0779919,whyyounogetwifi_5G,4.376,-51,0,-93,0,702,217
3466,Vodafone España,Barcelona,2017-07-31T11:16:45.886018Z,10.375675776756264,11.578,286836325.79114324,278450026.6563679,whyyounogetwifi_5G,3.910,-51,0,-93,0,878,217
3466,Vodafone España,Barcelona,2017-07-31T11:22:10.498681Z,10.375675776756264,7.714,280339827.9561985,261972682.34608412,whyyounogetwifi_5G,4.005,-51,0,-93,0,878,217
3466,Vodafone España,Barcelona,2017-07-31T11:27:33.883878Z,10.375675776756264,14.601,283289461.0945832,282626847.3647541,whyyounogetwifi_5G,4.181,-51,0,-93,0,527,217
3466,Vodafone España,Barcelona,2017-07-31T11:32:56.653820Z,10.375675776756264,7.708,280286016.92293185,273992405.2940779,whyyounogetwifi_5G,4.115,-51,0,-93,0,702,217
3466,Vodafone España,Barcelona,2017-07-31T11:38:19.724227Z,10.375675776756264,15.284,284111978.96344465,172621795.01000386,whyyounogetwifi_5G,4.117,-51,0,-93,0,878,217
3466,Vodafone España,Barcelona,2017-07-31T11:43:45.873522Z,10.375675776756264,9.63,285082468.6576582,135872898.89272135,whyyounogetwifi_5G,4.206,-51,0,-93,0,702,217
3466,Vodafone España,Barcelona,2017-07-31T11:49:17.661825Z,10.375675776756264,7.98,260085645.7667601,150857402.22499856,whyyounogetwifi_5G,3.863,-51,0,-93,0,878,217
3466,Vodafone España,Barcelona,2017-07-31T11:54:44.162536Z,10.375675776756264,8.122,289392376.3103967,224088590.84103805,whyyounogetwifi_5G,3.902,-51,0,-93,0,702,217
3466,Vodafone España,Barcelona,2017-07-31T12:00:10.267573Z,10.375675776756264,8.992,280012119.04040563,276864178.4003455,whyyounogetwifi_5G,3.814,-51,0,-93,0,878,217
3466,Vodafone España,Barcelona,2017-07-31T12:05:33.549619Z,10.375675776756264,18.432,274405458.2057705,143331411.71634555,whyyounogetwifi_5G,4.125,-52,0,-93,0,878,217
3466,Vodafone España,Barcelona,2017-07-31T12:11:01.424616Z,10.375675776756264,14.401,263260402.2936366,205581681.3587389,whyyounogetwifi_5G,4.136,-51,0,-93,0,702,217
3466,Vodafone España,Barcelona,2017-07-31T12:16:25.927519Z,10.375675776756264,16.845,260390800.4030393,210762274.69957274,whyyounogetwifi_5G,4.845,-49,0,-93,0,702,217
3466,Vodafone España,Barcelona,2017-07-31T12:21:50.768599Z,10.375675776756264,115.813,151017471.9412016,100453563.85086796,whyyounogetwifi_5G,4.175,-50,0,-93,0,878,217
3466,Vodafone España,Barcelona,2017-07-31T12:27:25.315170Z,10.375675776756264,62.285,212425988.13520652,112406786.34695932,whyyounogetwifi_5G,3.835,-50,0,-93,0,527,217
3466,Vodafone España,Barcelona,2017-07-31T12:32:58.407452Z,10.375675776756264,116.334,112933030.60504733,72617868.72389787,whyyounogetwifi_5G,3.954,-50,0,-93,0,702,217
3466,Vodafone España,Barcelona,2017-07-31T12:38:34.133026Z,10.375675776756264,84.619,176360375.58055913,92748040.05948944,whyyounogetwifi_5G,4.112,-51,0,-93,0,878,217
3466,Vodafone España,Barcelona,2017-07-31T12:44:08.032092Z,10.375675776756264,87.511,180984129.2961955,107531915.86582656,whyyounogetwifi_5G,4.076,-50,0,-93,0,878,217
5105,Eurona Wireless Telecom S.A.,Barcelona,2017-07-31T12:49:44.342407Z,10.375675776756264,123.874,28613269.53412844,83611077.59103732,whyyounogetwifi_5G,7.023,-51,0,-93,0,878,217
3466,Vodafone España,Barcelona,2017-07-31T12:55:19.888076Z,10.375675776756264,134.518,13007033.380487062,22889453.656145718,whyyounogetwifi_5G,4.159,-50,0,-93,0,878,217
3466,Vodafone España,Barcelona,2017-07-31T13:00:56.521978Z,10.375675776756264,78.106,65379724.78870981,96127628.58169013,whyyounogetwifi_5G,3.753,-51,0,-93,0,702,217
3466,Vodafone España,Barcelona,2017-07-31T13:06:30.677487Z,10.375675776756264,156.623,28572096.68153967,23876088.98494096,whyyounogetwifi_5G,3.688,-51,0,-93,0,702,217
3466,Vodafone España,Barcelona,2017-07-31T13:12:09.131120Z,10.375675776756264,180.443,11071461.336923825,24719727.564720556,whyyounogetwifi_5G,3.567,-51,0,-93,0,702,217
4374,Orange,Barcelona,2017-07-31T13:17:53.549636Z,10.375675776756264,221.847,7822156.091064517,10602726.295436125,whyyounogetwifi_5G,3.908,-51,0,-88,0,878,217
3466,Vodafone España,Barcelona,2017-07-31T13:23:35.572999Z,10.375675776756264,200.37,26488873.274027754,14715910.734296717,whyyounogetwifi_5G,3.692,-51,0,-93,0,878,217
1695,Adamo,Barcelona,2017-07-31T13:29:17.426898Z,10.375675776756264,337.656,3474482.666153677,9491546.416397694,whyyounogetwifi_5G,4.550,-53,0,-93,0,702,217
3466,Vodafone España,Barcelona,2017-07-31T13:35:06.795418Z,10.375675776756264,325.925,12827952.522845794,11569852.628516186,whyyounogetwifi_5G,3.132,-54,0,-93,0,878,217
3466,Vodafone España,Barcelona,2017-07-31T13:40:53.611562Z,10.375675776756264,326.979,11808371.393254513,11542705.311247965,whyyounogetwifi_5G,3.216,-58,0,-93,0,527,217
3466,Vodafone España,Barcelona,2017-07-31T13:46:39.825415Z,10.375675776756264,255.482,16744145.21091161,14106622.981741382,whyyounogetwifi_5G,3.141,-56,0,-95,0,702,217
2254,CSUC,Barcelona,2017-07-31T13:52:23.558854Z,10.375675776756264,336.658,9904860.00977923,8402749.15140567,whyyounogetwifi_5G,3.025,-56,0,-95,0,878,217
3466,Vodafone España,Barcelona,2017-07-31T13:58:17.412083Z,10.375675776756264,317.279,12266119.744464844,10564550.849658463,whyyounogetwifi_5G,3.381,-57,0,-95,0,527,217
2254,CSUC,Barcelona,2017-07-31T14:04:05.608911Z,10.375675776756264,358.172,6772536.112136541,5390529.776209258,whyyounogetwifi_5G,3.922,-55,0,-93,0,527,217
3466,Vodafone España,Barcelona,2017-07-31T14:09:54.810974Z,10.375675776756264,367.131,11269218.206105625,9995306.270066822,whyyounogetwifi_5G,3.162,-57,0,-93,0,702,217
4374,Orange,Barcelona,2017-07-31T14:15:44.475776Z,10.375675776756264,417.204,5675351.798398116,6250260.036612076,whyyounogetwifi_5G,3.153,-44,0,-93,0,1300,217
3466,Vodafone España,Barcelona,2017-07-31T14:21:35.313546Z,10.375675776756264,369.91,11636370.510401633,5822627.300883781,whyyounogetwifi_5G,3.214,-57,0,-93,0,702,217
5105,Eurona Wireless Telecom S.A.,Barcelona,2017-07-31T14:27:25.089913Z,10.375675776756264,345.613,7086476.21566401,9167095.489238141,whyyounogetwifi_5G,3.124,-54,0,-93,0,702,217
5105,Eurona Wireless Telecom S.A.,Barcelona,2017-07-31T14:33:14.574297Z,10.375675776756264,325.081,19140128.037068192,10011498.562797489,whyyounogetwifi_5G,3.216,-56,0,-95,0,702,217
4374,Orange,Barcelona,2017-07-31T14:39:01.077779Z,10.375675776756264,347.353,8604518.799638625,7039843.028280163,whyyounogetwifi_5G,3.233,-55,0,-95,0,702,217
3466,Vodafone España,Barcelona,2017-07-31T14:44:49.008615Z,10.375675776756264,348.284,10827405.22632966,7429871.279491836,whyyounogetwifi_5G,3.014,-53,0,-93,0,878,217
3466,Vodafone España,Barcelona,2017-07-31T14:50:38.893273Z,10.375675776756264,379.99,11517395.005147073,6007330.74023749,whyyounogetwifi_5G,3.365,-52,0,-92,0,468,217
3466,Vodafone España,Barcelona,2017-07-31T14:56:30.233739Z,10.375675776756264,383.097,9358323.674825817,7425951.399635292,whyyounogetwifi_5G,3.256,-53,0,-93,0,702,217
2254,CSUC,Barcelona,2017-07-31T15:02:23.534163Z,10.375675776756264,385.853,7485453.266125836,5616394.533246243,whyyounogetwifi_5G,3.162,-54,0,-93,0,878,217
3466,Vodafone España,Barcelona,2017-07-31T15:08:20.777680Z,10.375675776756264,345.434,10027184.144668,5398596.903629893,whyyounogetwifi_5G,65.077,-51,0,-93,0,702,217
3466,Vodafone España,Barcelona,2017-07-31T15:14:16.181244Z,10.375675776756264,336.213,11993212.021171898,7963232.537534791,whyyounogetwifi_5G,3.025,-42,0,-93,0,878,217
3466,Vodafone España,Barcelona,2017-07-31T15:20:03.952509Z,10.375675776756264,274.25,15221037.48673387,10561429.421053441,whyyounogetwifi_5G,3.165,-41,0,-93,0,1053,217
3466,Vodafone España,Barcelona,2017-07-31T15:25:48.735551Z,10.375675776756264,277.849,18431084.452140864,10368357.907396607,whyyounogetwifi_5G,3.150,-43,0,-93,0,1300,217
5105,Eurona Wireless Telecom S.A.,Barcelona,2017-07-31T15:31:33.535038Z,10.375675776756264,311.884,13500242.005626103,3823741.725674298,whyyounogetwifi_5G,3.267,-42,0,-93,0,1170,217
3466,Vodafone España,Barcelona,2017-07-31T15:37:19.924853Z,10.375675776756264,218.674,25269103.176234312,12901880.537531676,whyyounogetwifi_5G,3.127,-46,0,-93,0,878,217
3466,Vodafone España,Barcelona,2017-07-31T15:43:01.669399Z,10.375675776756264,259.428,5363928.130312602,15246079.863400856,whyyounogetwifi_5G,4.222,-51,0,-93,0,585,217
1695,Adamo,Barcelona,2017-07-31T15:48:45.300433Z,10.375675776756264,265.754,4906240.945989817,9951220.289535206,whyyounogetwifi_5G,4.156,-59,0,-93,0,351,217
3466,Vodafone España,Barcelona,2017-07-31T15:54:29.080896Z,10.375675776756264,242.572,14873181.827873778,14240399.60672541,whyyounogetwifi_5G,3.347,-59,0,-93,0,527,217
3466,Vodafone España,Barcelona,2017-07-31T16:00:16.740496Z,10.375675776756264,219.794,1821389.327360306,18025290.477930017,whyyounogetwifi_5G,3.514,-57,0,-93,0,702,217
5105,Eurona Wireless Telecom S.A.,Barcelona,2017-07-31T16:05:59.336220Z,10.201778639559734,226.425,29315068.841003772,14307987.599546155,whyyounogetwifi_5G,4.019,-58,0,-95,0,468,217
3466,Vodafone España,Barcelona,2017-07-31T16:11:54.685620Z,10.201778639559734,208.457,10806195.223870978,17582105.551706545,whyyounogetwifi_5G,3.165,-53,0,-93,0,702,217
2254,CSUC,Barcelona,2017-07-31T16:17:37.007164Z,10.375675776756264,212.09,20955408.38309217,12804424.276493303,whyyounogetwifi_5G,3.247,-51,0,-93,0,878,217
3466,Vodafone España,Barcelona,2017-07-31T16:23:18.389865Z,10.375675776756264,180.167,12160080.705674838,3288153.541774363,whyyounogetwifi_5G,4.501,-52,0,-93,0,878,217
3466,Vodafone España,Barcelona,2017-07-31T16:29:00.648724Z,10.201778639559734,199.377,37757647.21141557,20405118.17457618,whyyounogetwifi_5G,3.106,-46,0,-93,0,780,217
3466,Vodafone España,Barcelona,2017-07-31T16:34:39.832890Z,10.375675776756264,157.0,44882487.04636343,28579612.68719151,whyyounogetwifi_5G,3.205,-45,0,-93,0,527,217
3466,Vodafone España,Barcelona,2017-07-31T16:40:18.135474Z,10.375675776756264,158.116,22961807.390667435,38461982.04213936,whyyounogetwifi_5G,3.224,-46,0,-93,0,702,217
3466,Vodafone España,Barcelona,2017-07-31T16:45:55.886358Z,10.201778639559734,170.902,41415921.06733474,19766116.614667926,whyyounogetwifi_5G,4.407,-53,0,-92,0,702,217
3466,Vodafone España,Barcelona,2017-07-31T16:51:35.839845Z,10.375675776756264,183.58,13780443.981579116,8995029.83394709,whyyounogetwifi_5G,46.882,-53,0,-92,0,527,217
3466,Vodafone España,Barcelona,2017-07-31T16:57:26.179142Z,10.201778639559734,204.342,7941492.570399035,20918590.992410697,whyyounogetwifi_5G,3.977,-54,0,-92,0,702,217
1695,Adamo,Barcelona,2017-07-31T17:03:07.584379Z,10.201778639559734,184.206,11992783.165570987,23441201.939991917,whyyounogetwifi_5G,4.069,-53,0,-92,0,878,217
1695,Adamo,Barcelona,2017-07-31T17:08:47.657003Z,10.375675776756264,171.388,7018313.107826901,31494887.88023901,whyyounogetwifi_5G,4.216,-54,0,-93,0,527,217
2254,CSUC,Barcelona,2017-07-31T17:14:26.815969Z,10.201778639559734,208.693,17112777.266392794,10284576.76988235,whyyounogetwifi_5G,3.423,-45,0,-93,0,867,217
3466,Vodafone España,Barcelona,2017-07-31T17:20:16.242927Z,10.201778639559734,216.691,8610025.349190269,14214390.04232951,whyyounogetwifi_5G,4.261,-46,0,-92,0,867,217
3466,Vodafone España,Barcelona,2017-07-31T17:26:00.125518Z,10.201778639559734,188.637,9478697.67688297,22441325.85236205,whyyounogetwifi_5G,3.964,-46,0,-93,0,867,217
3466,Vodafone España,Barcelona,2017-07-31T17:31:40.806299Z,10.201778639559734,177.971,6715812.978846498,21001082.711264722,whyyounogetwifi_5G,4.187,-45,0,-93,0,878,217
5105,Eurona Wireless Telecom S.A.,Barcelona,2017-07-31T17:37:26.873462Z,10.375675776756264,189.514,57121761.35427412,16681807.393317727,whyyounogetwifi_5G,4.328,-46,0,-93,0,867,217
3466,Vodafone España,Barcelona,2017-07-31T17:43:07.313913Z,10.375675776756264,161.037,11484133.982732762,33395931.87012017,whyyounogetwifi_5G,4.047,-49,0,-93,0,867,217
3466,Vodafone España,Barcelona,2017-07-31T17:48:47.635035Z,10.201778639559734,186.625,13263752.307331778,20691735.396994993,whyyounogetwifi_5G,3.934,-49,0,-93,0,867,217
3466,Vodafone España,Barcelona,2017-07-31T17:54:29.951313Z,10.201778639559734,165.622,13015801.084173504,25245461.22623439,whyyounogetwifi_5G,4.229,-49,0,-93,0,1053,217
3466,Vodafone España,Barcelona,2017-07-31T18:00:08.607695Z,10.375675776756264,9.51,9250118.482390683,278601805.4560126,whyyounogetwifi_5G,4.412,-49,0,-93,0,1053,217
3466,Vodafone España,Barcelona,2017-07-31T18:05:33.424290Z,10.201778639559734,7.987,9437063.120323755,229959823.45325604,whyyounogetwifi_5G,4.089,-50,0,-93,0,1053,217
3466,Vodafone España,Barcelona,2017-07-31T18:10:58.018755Z,10.201778639559734,9.293,9575514.261227397,181839913.98293513,whyyounogetwifi_5G,3.935,-49,0,-95,0,1053,217
3466,Vodafone España,Barcelona,2017-07-31T18:16:23.984037Z,10.375675776756264,7.713,9568814.442472413,129679584.33371335,whyyounogetwifi_5G,3.850,-49,0,-93,0,702,217
3466,Vodafone España,Barcelona,2017-07-31T18:21:52.638335Z,10.201778639559734,7.723,9120008.668539751,196292408.20411336,whyyounogetwifi_5G,3.211,-54,0,-93,0,878,217
3466,Vodafone España,Barcelona,2017-07-31T18:27:18.197676Z,10.201778639559734,9.073,8979815.795251265,205093324.54058105,whyyounogetwifi_5G,3.056,-53,0,-93,0,702,217
3466,Vodafone España,Barcelona,2017-07-31T18:32:43.451965Z,10.201778639559734,7.655,8790342.378670784,230445881.22244275,whyyounogetwifi_5G,3.019,-51,0,-93,0,878,217
3466,Vodafone España,Barcelona,2017-07-31T18:38:10.077768Z,10.201778639559734,7.435,8981861.568034092,244765369.0219626,whyyounogetwifi_5G,3.321,-55,0,-93,0,702,217
3466,Vodafone España,Barcelona,2017-07-31T18:43:34.522653Z,10.201778639559734,14.553,8255824.36448841,211568481.6637164,whyyounogetwifi_5G,3.099,-55,0,-93,0,527,217
3466,Vodafone España,Barcelona,2017-07-31T18:49:00.932477Z,10.201778639559734,8.783,8734255.953941075,109297184.76808123,whyyounogetwifi_5G,3.098,-42,0,-93,0,1300,217
3466,Vodafone España,Barcelona,2017-07-31T18:54:31.634159Z,10.201778639559734,18.544,9016907.135210596,149330170.35267654,whyyounogetwifi_5G,4.054,-57,0,-93,0,702,217
3466,Vodafone España,Barcelona,2017-07-31T18:59:59.569993Z,10.201778639559734,23.748,9267899.230861336,159252677.74397328,whyyounogetwifi_5G,3.654,-56,0,-93,0,702,217
3466,Vodafone España,Barcelona,2017-07-31T19:05:41.908345Z,10.201778639559734,15.53,9579255.976494953,182457696.36817428,whyyounogetwifi_5G,3.693,-58,0,-93,0,527,217
3466,Vodafone España,Barcelona,2017-07-31T19:11:09.128938Z,10.201778639559734,27.468,9348798.331808012,198566566.94428006,whyyounogetwifi_5G,4.158,-58,0,-93,0,527,217
3466,Vodafone España,Barcelona,2017-07-31T19:16:35.598573Z,10.201778639559734,14.737,9141871.817914348,181374759.21620154,whyyounogetwifi_5G,3.585,-58,0,-93,0,702,217
3466,Vodafone España,Barcelona,2017-07-31T19:22:02.141906Z,10.201778639559734,36.032,9014658.617411556,103587221.00223774,whyyounogetwifi_5G,3.825,-52,0,-93,0,702,217
5105,Eurona Wireless Telecom S.A.,Barcelona,2017-07-31T19:27:35.227670Z,10.201778639559734,110.377,8604961.627772287,25318979.602046024,whyyounogetwifi_5G,3.605,-52,0,-93,0,878,217
1695,Adamo,Barcelona,2017-07-31T19:33:13.587562Z,10.201778639559734,147.926,8514966.31066804,16513814.975037,whyyounogetwifi_5G,4.034,-49,0,-93,0,702,217
3466,Vodafone España,Barcelona,2017-07-31T19:38:52.080098Z,10.201778639559734,292.102,8758574.511377733,11507789.588268897,whyyounogetwifi_5G,3.367,-50,0,-93,0,702,217
4374,Orange,Barcelona,2017-07-31T19:44:40.192319Z,10.201778639559734,325.351,8130020.715589522,7004601.319750151,whyyounogetwifi_5G,3.538,-50,0,-93,0,702,217
2254,CSUC,Barcelona,2017-07-31T19:50:39.867353Z,10.201778639559734,364.306,7667460.31940685,4792856.311952452,whyyounogetwifi_5G,4.018,-53,0,-93,0,702,217
3466,Vodafone España,Barcelona,2017-07-31T19:56:32.315631Z,10.201778639559734,402.158,7881381.983669567,4132956.801993571,whyyounogetwifi_5G,3.929,-54,0,-92,0,702,217
3466,Vodafone España,Barcelona,2017-07-31T20:02:24.587633Z,10.201778639559734,499.106,7162635.705837236,5565549.96343914,whyyounogetwifi_5G,3.402,-53,0,-93,0,527,217
3466,Vodafone España,Barcelona,2017-07-31T20:08:24.347212Z,10.201778639559734,522.097,5831465.60883991,3684361.5957864984,whyyounogetwifi_5G,3.620,-49,0,-93,0,702,217
2254,CSUC,Barcelona,2017-07-31T20:14:25.306930Z,10.201778639559734,586.044,4950637.961551791,4001200.452649382,whyyounogetwifi_5G,4.159,-50,0,-93,0,867,217
3466,Vodafone España,Barcelona,2017-07-31T20:20:27.678186Z,10.201778639559734,575.622,5359750.787770994,1786402.1206123,whyyounogetwifi_5G,3.906,-50,0,-93,0,702,217
3466,Vodafone España,Barcelona,2017-07-31T20:26:40.905362Z,10.201778639559734,593.843,4953293.87204692,3441623.248325675,whyyounogetwifi_5G,3.580,-50,0,-93,0,702,217
4374,Orange,Barcelona,2017-07-31T20:32:45.509619Z,10.201778639559734,642.217,3954860.558362879,3408660.923437702,whyyounogetwifi_5G,4.149,-50,0,-93,0,585,217
3466,Vodafone España,Barcelona,2017-07-31T20:38:51.540371Z,10.201778639559734,602.987,5094510.770631562,3893749.8503018864,whyyounogetwifi_5G,4.650,-52,0,-93,0,585,217
3466,Vodafone España,Barcelona,2017-07-31T20:44:56.938528Z,10.201778639559734,630.572,5122285.521526663,2893783.5056304387,whyyounogetwifi_5G,4.213,-50,0,-93,0,702,217
3466,Vodafone España,Barcelona,2017-07-31T20:51:06.769233Z,10.201778639559734,628.179,4812851.008910405,4387341.100529228,whyyounogetwifi_5G,4.213,-51,0,-93,0,702,217
5105,Eurona Wireless Telecom S.A.,Barcelona,2017-07-31T20:57:14.851065Z,10.201778639559734,636.13,5274831.403485927,3184023.3883891143,whyyounogetwifi_5G,3.796,-51,0,-93,0,527,217
3466,Vodafone España,Barcelona,2017-07-31T21:03:24.601805Z,10.201778639559734,664.637,4697163.719936381,4144278.794612645,whyyounogetwifi_5G,3.748,-60,0,-93,0,702,217
3466,Vodafone España,Barcelona,2017-07-31T21:09:33.361544Z,10.201778639559734,658.406,4863509.135765541,4090696.812653997,whyyounogetwifi_5G,3.761,-60,0,-93,0,351,217
3466,Vodafone España,Barcelona,2017-07-31T21:15:39.207762Z,10.201778639559734,619.195,4696444.337407701,3149303.5314950063,whyyounogetwifi_5G,3.454,-61,0,-93,0,351,217
3466,Vodafone España,Barcelona,2017-07-31T21:21:46.315903Z,10.201778639559734,674.682,4914742.537336273,5333979.6829716535,whyyounogetwifi_5G,3.937,-54,0,-92,0,527,217
5105,Eurona Wireless Telecom S.A.,Barcelona,2017-07-31T21:27:52.549164Z,10.201778639559734,615.283,5556312.971184465,3556093.1003817297,whyyounogetwifi_5G,94.494,-54,0,-93,0,1170,217
1695,Adamo,Barcelona,2017-07-31T21:33:59.368730Z,10.201778639559734,607.047,4602970.133441159,3886982.2279029638,whyyounogetwifi_5G,4.071,-56,0,-93,0,468,217
3466,Vodafone España,Barcelona,2017-07-31T21:40:03.142502Z,10.201778639559734,589.511,5563613.915227296,4505325.4583129985,whyyounogetwifi_5G,4.133,-59,0,-93,0,468,217
3466,Vodafone España,Barcelona,2017-07-31T21:46:05.215178Z,10.201778639559734,570.535,5976535.990543636,3899469.9689927353,whyyounogetwifi_5G,3.794,-55,0,-93,0,468,217
3466,Vodafone España,Barcelona,2017-07-31T21:52:06.746634Z,10.201778639559734,506.394,7148454.809362896,5126842.345775465,whyyounogetwifi_5G,4.707,-64,0,-93,0,264,217
5105,Eurona Wireless Telecom S.A.,Barcelona,2017-07-31T21:58:04.707771Z,10.201778639559734,556.293,7131784.144052496,6305167.565827944,whyyounogetwifi_5G,3.942,-64,0,-93,0,176,217
4374,Orange,Barcelona,2017-07-31T22:04:10.067414Z,10.201778639559734,395.244,7395021.3967101155,5429760.788237865,whyyounogetwifi_5G,3.093,-61,0,-93,0,527,217
2254,CSUC,Barcelona,2017-07-31T22:10:14.627445Z,10.201778639559734,369.651,7820945.789401995,7144465.858483701,whyyounogetwifi_5G,3.608,-62,0,-93,0,351,217
5105,Eurona Wireless Telecom S.A.,Barcelona,2017-07-31T22:16:05.871525Z,10.201778639559734,290.134,8695589.631688146,8286592.322278828,whyyounogetwifi_5G,18.378,-59,0,-93,0,468,217
5105,Eurona Wireless Telecom S.A.,Barcelona,2017-07-31T22:21:56.031630Z,10.201778639559734,202.467,9127590.780078538,14210320.280571494,whyyounogetwifi_5G,4.018,-60,0,-93,0,468,217
5105,Eurona Wireless Telecom S.A.,Barcelona,2017-07-31T22:27:39.145435Z,10.201778639559734,156.505,9106122.19722593,50929634.14461217,whyyounogetwifi_5G,3.983,-56,0,-93,0,702,217
5105,Eurona Wireless Telecom S.A.,Barcelona,2017-07-31T22:33:17.859417Z,10.201778639559734,60.671,9658584.590152754,171649498.12518093,whyyounogetwifi_5G,4.286,-55,0,-92,0,527,217
3466,Vodafone España,Barcelona,2017-07-31T22:38:47.508380Z,10.201778639559734,27.768,9013491.104002196,187090276.39864817,whyyounogetwifi_5G,3.412,-58,0,-93,0,468,217
3466,Vodafone España,Barcelona,2017-07-31T22:44:15.254138Z,10.201778639559734,8.011,9059995.575306298,204105384.8167306,whyyounogetwifi_5G,4.694,-57,0,-93,0,585,217
5105,Eurona Wireless Telecom S.A.,Barcelona,2017-07-31T22:49:42.319791Z,10.201778639559734,288.876,11286618.213786412,9696629.06404074,whyyounogetwifi_5G,4.137,-59,0,-93,0,702,217
3466,Vodafone España,Barcelona,2017-07-31T22:55:28.288654Z,10.201778639559734,114.782,31943941.763536565,72641061.19884744,whyyounogetwifi_5G,3.730,-54,0,-93,0,878,217
3466,Vodafone España,Barcelona,2017-07-31T23:01:05.424331Z,10.201778639559734,52.892,260078196.88111913,111406881.09436919,whyyounogetwifi_5G,3.904,-55,0,-93,0,702,217
5105,Eurona Wireless Telecom S.A.,Barcelona,2017-07-31T23:06:38.604410Z,10.201778639559734,37.379,83635219.96583445,108254416.00808544,whyyounogetwifi_5G,4.566,-58,0,-93,0,351,217
3466,Vodafone España,Barcelona,2017-07-31T23:12:13.423902Z,10.201778639559734,7.444,273384166.54902315,211224558.66701114,whyyounogetwifi_5G,3.948,-59,0,-93,0,527,217
3466,Vodafone España,Barcelona,2017-07-31T23:17:38.703480Z,10.201778639559734,8.662,290272791.4162969,202704566.45308894,whyyounogetwifi_5G,4.727,-57,0,-93,0,527,217
5105,Eurona Wireless Telecom S.A.,Barcelona,2017-07-31T23:23:04.082664Z,10.201778639559734,29.282,131075565.12701939,98349045.43027425,whyyounogetwifi_5G,4.764,-59,0,-93,0,351,217
3466,Vodafone España,Barcelona,2017-07-31T23:28:35.552689Z,10.201778639559734,7.983,288335798.14160305,186998920.2331378,whyyounogetwifi_5G,3.438,-57,0,-93,0,527,217
3466,Vodafone España,Barcelona,2017-07-31T23:34:01.190408Z,10.201778639559734,9.202,289677540.9392696,125088461.88896714,whyyounogetwifi_5G,4.273,-56,0,-93,0,585,217
5105,Eurona Wireless Telecom S.A.,Barcelona,2017-07-31T23:39:31.025244Z,10.201778639559734,26.389,131234928.26618846,190346530.4637275,whyyounogetwifi_5G,4.041,-58,0,-93,0,527,217
3466,Vodafone España,Barcelona,2017-07-31T23:44:58.936534Z,10.201778639559734,8.892,290681580.9017069,102447596.79968509,whyyounogetwifi_5G,4.042,-66,0,-93,0,234,217
3466,Vodafone España,Barcelona,2017-07-31T23:50:33.865332Z,10.201778639559734,7.736,292119354.28679466,218269726.18187118,whyyounogetwifi_5G,3.558,-61,0,-93,0,527,217
5105,Eurona Wireless Telecom S.A.,Barcelona,2017-07-31T23:55:58.891271Z,10.201778639559734,26.519,100341149.16341789,199859937.5027108,whyyounogetwifi_5G,4.032,-57,0,-93,0,585,217
3466,Vodafone España,Barcelona,2017-08-01T00:01:25.174438Z,10.201778639559734,6.918,274628781.4831404,255879719.6950171,whyyounogetwifi_5G,4.151,-58,0,-92,0,702,217
3466,Vodafone España,Barcelona,2017-08-01T00:06:50.287403Z,10.201778639559734,7.625,284177877.4746332,176447811.14947492,whyyounogetwifi_5G,3.449,-58,0,-95,0,702,217
5105,Eurona Wireless Telecom S.A.,Barcelona,2017-08-01T00:12:16.609499Z,10.201778639559734,26.648,258025363.78724432,184504045.7840963,whyyounogetwifi_5G,3.161,-58,0,-93,0,702,217
3466,Vodafone España,Barcelona,2017-08-01T00:17:44.354559Z,10.201778639559734,8.224,283089386.58813536,140014580.7208386,whyyounogetwifi_5G,4.297,-56,0,-93,0,234,217
3466,Vodafone España,Barcelona,2017-08-01T00:23:13.559144Z,10.201778639559734,7.278,292719982.6567431,140267686.4925424,whyyounogetwifi_5G,3.956,-58,0,-93,0,468,217
5105,Eurona Wireless Telecom S.A.,Barcelona,2017-08-01T00:28:42.120484Z,10.201778639559734,25.578,213305741.72254735,166473324.1905296,whyyounogetwifi_5G,3.892,-57,0,-93,0,702,217
3466,Vodafone España,Barcelona,2017-08-01T00:34:13.284571Z,10.201778639559734,6.951,290701363.6730251,274559816.2745018,whyyounogetwifi_5G,3.262,-51,0,-93,0,878,217
3466,Vodafone España,Barcelona,2017-08-01T00:39:37.290898Z,10.201778639559734,6.977,287170179.6238691,280492132.27914983,whyyounogetwifi_5G,4.113,-53,0,-93,0,878,217
